RUN_TIME,MKT_TYPE,TIME_INTERVAL,CONGEST_TYPE,RUN_TYPE,EQUIPMENT_NAME,STATION_NAME,VOLTAGE_LEVEL,BINDING_LIMIT,MW_FLOW,OVERLOAD_MW,PCT_MW,
6/16/2026,DAP,6/16/2026 8:00:00 AM,BASE CASE,SCHED_RUN,5DAAN_4TAB2,05DAANBN,230,228.2228,228.2228,0,100,
6/16/2026,DAP,6/16/2026 12:00:00 PM,BASE CASE,SCHED_RUN,5DAAN_4TAB2,05DAANBN,230,226.6716,226.6716,0,100,
6/16/2026,DAP,6/16/2026 1:00:00 PM,BASE CASE,SCHED_RUN,5DAAN_4TAB2,05DAANBN,230,226.5238,226.5238,0,100,
6/16/2026,DAP,6/16/2026 7:00:00 PM,CONTINGENCY,SCHED_RUN,1EHVNGS_TR1,01EHVNAG,230,590.6166,590.6166,0,100,
6/16/2026,DAP,6/16/2026 8:00:00 PM,CONTINGENCY,SCHED_RUN,1EHVNGS_TR1,01EHVNAG,230,589.3232,589.3232,0,100,
6/16/2026,DAP,6/16/2026 9:00:00 PM,CONTINGENCY,SCHED_RUN,1EHVNGS_TR2,01EHVNAG,230,588.7103,588.7103,0,100,
6/16/2026,DAP,6/16/2026 10:00:00 PM,CONTINGENCY,SCHED_RUN,1EHVNGS_TR1,01EHVNAG,230,589.0203,589.0203,0,100,
6/16/2026,DAP,6/16/2026 11:00:00 PM,CONTINGENCY,SCHED_RUN,1EHVNGS_TR1,01EHVNAG,230,590.0081,590.0081,0,100,
6/16/2026 1:00:00 AM,DAP,6/16/2026 7:00:00 PM,CONTINGENCY,SCHED_RUN,1EHVNGS_TR1,01EHVNAG,230,590.7288,590.7288,0,100,
6/16/2026 1:00:00 AM,DAP,6/16/2026 8:00:00 PM,CONTINGENCY,SCHED_RUN,1EHVNGS_TR1,01EHVNAG,230,589.3816,589.3816,0,100,
6/16/2026 1:00:00 AM,DAP,6/16/2026 9:00:00 PM,CONTINGENCY,SCHED_RUN,1EHVNGS_TR1,01EHVNAG,230,588.7621,588.7621,0,100,
6/16/2026 1:00:00 AM,DAP,6/16/2026 10:00:00 PM,CONTINGENCY,SCHED_RUN,1EHVNGS_TR1,01EHVNAG,230,589.0095,589.0095,0,100,
6/16/2026 1:00:00 AM,DAP,6/16/2026 11:00:00 PM,CONTINGENCY,SCHED_RUN,1EHVNGS_TR1,01EHVNAG,230,590.3621,590.3621,0,100,
6/16/2026 2:00:00 AM,DAP,6/16/2026 7:00:00 PM,CONTINGENCY,SCHED_RUN,1EHVNGS_TR1,01EHVNAG,230,590.7386,590.7386,0,100,
6/16/2026 2:00:00 AM,DAP,6/16/2026 8:00:00 PM,CONTINGENCY,SCHED_RUN,1EHVNGS_TR1,01EHVNAG,230,589.3849,589.3849,0,100,
6/16/2026 2:00:00 AM,DAP,6/16/2026 9:00:00 PM,CONTINGENCY,SCHED_RUN,1EHVNGS_TR1,01EHVNAG,230,588.7556,588.7556,0,100,
6/16/2026 2:00:00 AM,DAP,6/16/2026 10:00:00 PM,CONTINGENCY,SCHED_RUN,1EHVNGS_TR1,01EHVNAG,230,589.0176,589.0176,0,100,
6/16/2026 2:00:00 AM,DAP,6/16/2026 11:00:00 PM,CONTINGENCY,SCHED_RUN,1EHVNGS_TR1,01EHVNAG,230,590.3650,590.3650,0,100,
6/16/2026 3:00:00 AM,DAP,6/16/2026 7:00:00 PM,CONTINGENCY,SCHED_RUN,1EHVNGS_TR2,01EHVNAG,230,590.6692,590.6692,0,100,
6/16/2026 3:00:00 AM,DAP,6/16/2026 8:00:00 PM,CONTINGENCY,SCHED_RUN,1EHVNGS_TR2,01EHVNAG,230,589.3886,589.3886,0,100,
6/16/2026 3:00:00 AM,DAP,6/16/2026 9:00:00 PM,CONTINGENCY,SCHED_RUN,1EHVNGS_TR2,01EHVNAG,230,588.7730,588.7730,0,100,
6/16/2026 3:00:00 AM,DAP,6/16/2026 10:00:00 PM,CONTINGENCY,SCHED_RUN,1EHVNGS_TR1,01EHVNAG,230,589.1193,589.1193,0,100,
6/16/2026 3:00:00 AM,DAP,6/16/2026 11:00:00 PM,CONTINGENCY,SCHED_RUN,1EHVNGS_TR1,01EHVNAG,230,589.8112,589.8112,0,100,
6/16/2026 4:00:00 AM,DAP,6/16/2026 7:00:00 PM,CONTINGENCY,SCHED_RUN,1EHVNGS_TR1,01EHVNAG,230,590.6591,590.6591,0,100,
6/16/2026 4:00:00 AM,DAP,6/16/2026 8:00:00 PM,CONTINGENCY,SCHED_RUN,1EHVNGS_TR1,01EHVNAG,230,589.3712,589.3712,0,100,
6/16/2026 4:00:00 AM,DAP,6/16/2026 9:00:00 PM,CONTINGENCY,SCHED_RUN,1EHVNGS_TR2,01EHVNAG,230,588.7688,588.7688,0,100,
6/16/2026 4:00:00 AM,DAP,6/16/2026 10:00:00 PM,CONTINGENCY,SCHED_RUN,1EHVNGS_TR1,01EHVNAG,230,589.1191,589.1191,0,100,
6/16/2026 4:00:00 AM,DAP,6/16/2026 11:00:00 PM,CONTINGENCY,SCHED_RUN,1EHVNGS_TR1,01EHVNAG,230,589.8010,589.8010,0,100,
6/16/2026 5:00:00 AM,DAP,6/16/2026 7:00:00 PM,CONTINGENCY,SCHED_RUN,1EHVNGS_TR1,01EHVNAG,230,590.6130,590.6130,0,100,
6/16/2026 5:00:00 AM,DAP,6/16/2026 8:00:00 PM,CONTINGENCY,SCHED_RUN,1EHVNGS_TR2,01EHVNAG,230,589.2061,589.2061,0,100,
6/16/2026 5:00:00 AM,DAP,6/16/2026 9:00:00 PM,CONTINGENCY,SCHED_RUN,1EHVNGS_TR1,01EHVNAG,230,588.7093,588.7093,0,100,
6/16/2026 5:00:00 AM,DAP,6/16/2026 10:00:00 PM,CONTINGENCY,SCHED_RUN,1EHVNGS_TR1,01EHVNAG,230,588.8982,588.8982,0,100,
6/16/2026 5:00:00 AM,DAP,6/16/2026 11:00:00 PM,CONTINGENCY,SCHED_RUN,1EHVNGS_TR1,01EHVNAG,230,589.86,589.86,0,100,
6/16/2026 6:00:00 AM,DAP,6/16/2026 7:00:00 PM,CONTINGENCY,SCHED_RUN,1EHVNGS_TR1,01EHVNAG,230,590.6647,590.6647,0,100,
6/16/2026 6:00:00 AM,DAP,6/16/2026 8:00:00 PM,CONTINGENCY,SCHED_RUN,1EHVNGS_TR1,01EHVNAG,230,589.2787,589.2787,0,100,
6/16/2026 6:00:00 AM,DAP,6/16/2026 9:00:00 PM,CONTINGENCY,SCHED_RUN,1EHVNGS_TR1,01EHVNAG,230,588.7780,588.7780,0,100,
6/16/2026 6:00:00 AM,DAP,6/16/2026 10:00:00 PM,CONTINGENCY,SCHED_RUN,1EHVNGS_TR2,01EHVNAG,230,588.8912,588.8912,0,100,
6/16/2026 6:00:00 AM,DAP,6/16/2026 11:00:00 PM,CONTINGENCY,SCHED_RUN,1EHVNGS_TR1,01EHVNAG,230,590.3514,590.3514,0,100,
6/16/2026 7:00:00 AM,DAP,6/16/2026 7:00:00 PM,CONTINGENCY,SCHED_RUN,1EHVNGS_TR2,01EHVNAG,230,590.8809,590.8809,0,100,
6/16/2026 7:00:00 AM,DAP,6/16/2026 8:00:00 PM,CONTINGENCY,SCHED_RUN,1EHVNGS_TR1,01EHVNAG,230,589.5162,589.5162,0,100,
6/16/2026 7:00:00 AM,DAP,6/16/2026 9:00:00 PM,CONTINGENCY,SCHED_RUN,1EHVNGS_TR1,01EHVNAG,230,589.0237,589.0237,0,100,
6/16/2026 7:00:00 AM,DAP,6/16/2026 10:00:00 PM,CONTINGENCY,SCHED_RUN,1EHVNGS_TR2,01EHVNAG,230,588.9082,588.9082,0,100,
6/16/2026 7:00:00 AM,DAP,6/16/2026 11:00:00 PM,CONTINGENCY,SCHED_RUN,1EHVNGS_TR1,01EHVNAG,230,591.0794,591.0794,0,100,
6/16/2026 8:00:00 AM,DAP,6/16/2026 7:00:00 PM,CONTINGENCY,SCHED_RUN,1EHVNGS_TR2,01EHVNAG,230,590.9114,590.9114,0,100,
6/16/2026 8:00:00 AM,DAP,6/16/2026 8:00:00 PM,CONTINGENCY,SCHED_RUN,1EHVNGS_TR2,01EHVNAG,230,589.5497,589.5497,0,100,
6/16/2026 8:00:00 AM,DAP,6/16/2026 9:00:00 PM,CONTINGENCY,SCHED_RUN,1EHVNGS_TR1,01EHVNAG,230,589.0581,589.0581,0,100,
6/16/2026 8:00:00 AM,DAP,6/16/2026 10:00:00 PM,CONTINGENCY,SCHED_RUN,1EHVNGS_TR1,01EHVNAG,230,588.9476,588.9476,0,100,
6/16/2026 8:00:00 AM,DAP,6/16/2026 11:00:00 PM,CONTINGENCY,SCHED_RUN,1EHVNGS_TR1,01EHVNAG,230,591.0735,591.0735,0,100,
6/16/2026 9:00:00 AM,DAP,6/16/2026 7:00:00 PM,CONTINGENCY,SCHED_RUN,1EHVNGS_TR2,01EHVNAG,230,590.9315,590.9315,0,100,
6/16/2026 9:00:00 AM,DAP,6/16/2026 8:00:00 PM,CONTINGENCY,SCHED_RUN,1EHVNGS_TR2,01EHVNAG,230,589.5823,589.5823,0,100,
6/16/2026 9:00:00 AM,DAP,6/16/2026 9:00:00 PM,CONTINGENCY,SCHED_RUN,1EHVNGS_TR1,01EHVNAG,230,589.0939,589.0939,0,100,
6/16/2026 9:00:00 AM,DAP,6/16/2026 10:00:00 PM,CONTINGENCY,SCHED_RUN,1EHVNGS_TR2,01EHVNAG,230,588.9938,588.9938,0,100,
6/16/2026 9:00:00 AM,DAP,6/16/2026 11:00:00 PM,CONTINGENCY,SCHED_RUN,1EHVNGS_TR2,01EHVNAG,230,591.0895,591.0895,0,100,
6/16/2026 10:00:00 AM,DAP,6/16/2026 7:00:00 PM,CONTINGENCY,SCHED_RUN,1EHVNGS_TR1,01EHVNAG,230,591.1541,591.1541,0,100,
6/16/2026 10:00:00 AM,DAP,6/16/2026 8:00:00 PM,CONTINGENCY,SCHED_RUN,1EHVNGS_TR1,01EHVNAG,230,589.7657,589.7657,0,100,
6/16/2026 10:00:00 AM,DAP,6/16/2026 9:00:00 PM,CONTINGENCY,SCHED_RUN,1EHVNGS_TR2,01EHVNAG,230,589.2560,589.2560,0,100,
6/16/2026 10:00:00 AM,DAP,6/16/2026 10:00:00 PM,CONTINGENCY,SCHED_RUN,1EHVNGS_TR2,01EHVNAG,230,588.9230,588.9230,0,100,
6/16/2026 10:00:00 AM,DAP,6/16/2026 11:00:00 PM,CONTINGENCY,SCHED_RUN,1EHVNGS_TR1,01EHVNAG,230,591.0803,591.0803,0,100,
6/16/2026 11:00:00 AM,DAP,6/16/2026 7:00:00 PM,CONTINGENCY,SCHED_RUN,1EHVNGS_TR2,01EHVNAG,230,591.4159,591.4159,0,100,
6/16/2026 11:00:00 AM,DAP,6/16/2026 8:00:00 PM,CONTINGENCY,SCHED_RUN,1EHVNGS_TR1,01EHVNAG,230,589.7702,589.7702,0,100,
6/16/2026 11:00:00 AM,DAP,6/16/2026 9:00:00 PM,CONTINGENCY,SCHED_RUN,1EHVNGS_TR1,01EHVNAG,230,589.2573,589.2573,0,100,
6/16/2026 11:00:00 AM,DAP,6/16/2026 10:00:00 PM,CONTINGENCY,SCHED_RUN,1EHVNGS_TR2,01EHVNAG,230,589.0496,589.0496,0,100,
6/16/2026 11:00:00 AM,DAP,6/16/2026 11:00:00 PM,CONTINGENCY,SCHED_RUN,1EHVNGS_TR1,01EHVNAG,230,590.6827,590.6827,0,100,
6/16/2026 12:00:00 PM,DAP,6/16/2026 7:00:00 PM,CONTINGENCY,SCHED_RUN,1EHVNGS_TR1,01EHVNAG,230,591.3680,591.3680,0,100,
6/16/2026 12:00:00 PM,DAP,6/16/2026 8:00:00 PM,CONTINGENCY,SCHED_RUN,1EHVNGS_TR2,01EHVNAG,230,590.18,590.18,0,100,
6/16/2026 12:00:00 PM,DAP,6/16/2026 9:00:00 PM,CONTINGENCY,SCHED_RUN,1EHVNGS_TR2,01EHVNAG,230,589.1729,589.1729,0,100,
6/16/2026 12:00:00 PM,DAP,6/16/2026 10:00:00 PM,CONTINGENCY,SCHED_RUN,1EHVNGS_TR1,01EHVNAG,230,588.8780,588.8780,0,100,
6/16/2026 12:00:00 PM,DAP,6/16/2026 11:00:00 PM,CONTINGENCY,SCHED_RUN,1EHVNGS_TR1,01EHVNAG,230,590.6586,590.6586,0,100,
6/16/2026 12:00:00 PM,DAP,6/17/2026 7:00:00 AM,BASE CASE,SCHED_RUN,5DAAN_4TAB1,04TABANG,230,192.3587,192.3587,0,100,
6/16/2026 12:00:00 PM,DAP,6/17/2026 7:00:00 AM,BASE CASE,SCHED_RUN,5DAAN_4TAB2,05DAANBN,230,228.5622,241.8162,13.2540,105.80,
6/16/2026 12:00:00 PM,DAP,6/17/2026 8:00:00 AM,BASE CASE,SCHED_RUN,5DAAN_4TAB1,04TABANG,230,193.0326,193.0326,0,100,
6/16/2026 12:00:00 PM,DAP,6/17/2026 8:00:00 AM,BASE CASE,SCHED_RUN,5DAAN_4TAB2,05DAANBN,230,227.6260,241.8592,14.2332,106.25,
6/16/2026 12:00:00 PM,DAP,6/17/2026 9:00:00 AM,CONTINGENCY,SCHED_RUN,2QUEZ_2ARA1,02QUEZON,230,1199.6112,1199.6112,0,100,
6/16/2026 12:00:00 PM,DAP,6/17/2026 9:00:00 AM,BASE CASE,SCHED_RUN,5DAAN_4TAB1,04TABANG,230,193.6943,193.6943,0,100,
6/16/2026 12:00:00 PM,DAP,6/17/2026 9:00:00 AM,BASE CASE,SCHED_RUN,5DAAN_4TAB2,05DAANBN,230,226.7111,242.1816,15.4705,106.82,
6/16/2026 12:00:00 PM,DAP,6/17/2026 10:00:00 AM,BASE CASE,SCHED_RUN,5DAAN_4TAB1,04TABANG,230,193.8535,193.8535,0,100,
6/16/2026 12:00:00 PM,DAP,6/17/2026 10:00:00 AM,CONTINGENCY,SCHED_RUN,2QUEZ_2ARA1,02QUEZON,230,1199.9198,1199.9198,0,100,
6/16/2026 12:00:00 PM,DAP,6/17/2026 10:00:00 AM,BASE CASE,SCHED_RUN,5DAAN_4TAB2,05DAANBN,230,226.8186,242.2746,15.4560,106.81,
6/16/2026 12:00:00 PM,DAP,6/17/2026 11:00:00 AM,BASE CASE,SCHED_RUN,5DAAN_4TAB2,05DAANBN,230,225.9378,242.4580,16.5202,107.31,
6/16/2026 12:00:00 PM,DAP,6/17/2026 11:00:00 AM,BASE CASE,SCHED_RUN,5DAAN_4TAB1,04TABANG,230,194.3254,194.3254,0,100,
6/16/2026 12:00:00 PM,DAP,6/17/2026 11:00:00 AM,CONTINGENCY,SCHED_RUN,2QUEZ_2ARA1,02QUEZON,230,1199.9935,1199.9935,0,100,
6/16/2026 12:00:00 PM,DAP,6/17/2026 11:00:00 AM,BASE CASE,SCHED_RUN,LEYTE_TO_CEBU,LEYTE_TO,,440,440,0,100,
6/16/2026 12:00:00 PM,DAP,6/17/2026 12:00:00 PM,BASE CASE,SCHED_RUN,5DAAN_4TAB2,05DAANBN,230,226.09,242.4363,16.3463,107.23,
6/16/2026 12:00:00 PM,DAP,6/17/2026 12:00:00 PM,BASE CASE,SCHED_RUN,5DAAN_4TAB1,04TABANG,230,194.2523,194.2523,0,100,
6/16/2026 12:00:00 PM,DAP,6/17/2026 12:00:00 PM,CONTINGENCY,SCHED_RUN,2QUEZ_2ARA1,02QUEZON,230,1199.9695,1199.9695,0,100,
6/16/2026 12:00:00 PM,DAP,6/17/2026 12:00:00 PM,BASE CASE,SCHED_RUN,LEYTE_TO_CEBU,LEYTE_TO,,440,440,0,100,
6/16/2026 12:00:00 PM,DAP,6/17/2026 1:00:00 PM,CONTINGENCY,SCHED_RUN,2QUEZ_2ARA1,02QUEZON,230,1199.9407,1199.9407,0,100,
6/16/2026 12:00:00 PM,DAP,6/17/2026 1:00:00 PM,BASE CASE,SCHED_RUN,5DAAN_4TAB2,05DAANBN,230,226.8078,242.0258,15.2180,106.71,
6/16/2026 12:00:00 PM,DAP,6/17/2026 7:00:00 PM,CONTINGENCY,SCHED_RUN,1EHVNGS_TR1,01EHVNAG,230,588.4678,588.4678,0,100,
6/16/2026 12:00:00 PM,DAP,6/17/2026 8:00:00 PM,CONTINGENCY,SCHED_RUN,1EHVNGS_TR1,01EHVNAG,230,586.7983,586.7983,0,100,
6/16/2026 12:00:00 PM,DAP,6/17/2026 10:00:00 PM,CONTINGENCY,SCHED_RUN,1EHVNGS_TR1,01EHVNAG,230,586.8310,586.8310,0,100,
6/16/2026 12:00:00 PM,DAP,6/17/2026 11:00:00 PM,BASE CASE,SCHED_RUN,5DAAN_4TAB2,05DAANBN,230,230.2424,230.2424,0,100,
6/16/2026 12:00:00 PM,DAP,6/18/2026,BASE CASE,SCHED_RUN,5DAAN_4TAB2,05DAANBN,230,230.4237,230.7549,0.3312,100.14,
6/16/2026 1:00:00 PM,DAP,6/16/2026 7:00:00 PM,CONTINGENCY,SCHED_RUN,1EHVNGS_TR2,01EHVNAG,230,591.3343,591.3343,0,100,
6/16/2026 1:00:00 PM,DAP,6/16/2026 8:00:00 PM,CONTINGENCY,SCHED_RUN,1EHVNGS_TR1,01EHVNAG,230,590.1568,590.1568,0,100,
6/16/2026 1:00:00 PM,DAP,6/16/2026 10:00:00 PM,CONTINGENCY,SCHED_RUN,1EHVNGS_TR2,01EHVNAG,230,588.8755,588.8755,0,100,
6/16/2026 1:00:00 PM,DAP,6/16/2026 11:00:00 PM,CONTINGENCY,SCHED_RUN,1EHVNGS_TR1,01EHVNAG,230,590.6489,590.6489,0,100,
6/16/2026 1:00:00 PM,DAP,6/17/2026 7:00:00 AM,BASE CASE,SCHED_RUN,5DAAN_4TAB2,05DAANBN,230,228.56,241.7940,13.2340,105.79,
6/16/2026 1:00:00 PM,DAP,6/17/2026 7:00:00 AM,BASE CASE,SCHED_RUN,5DAAN_4TAB1,04TABANG,230,192.3645,192.3645,0,100,
6/16/2026 1:00:00 PM,DAP,6/17/2026 8:00:00 AM,BASE CASE,SCHED_RUN,5DAAN_4TAB1,04TABANG,230,193.0306,193.0306,0,100,
6/16/2026 1:00:00 PM,DAP,6/17/2026 8:00:00 AM,BASE CASE,SCHED_RUN,5DAAN_4TAB2,05DAANBN,230,227.6293,241.8601,14.2308,106.25,
6/16/2026 1:00:00 PM,DAP,6/17/2026 9:00:00 AM,CONTINGENCY,SCHED_RUN,2QUEZ_2ARA1,02QUEZON,230,1199.6112,1199.6112,0,100,
6/16/2026 1:00:00 PM,DAP,6/17/2026 9:00:00 AM,BASE CASE,SCHED_RUN,5DAAN_4TAB1,04TABANG,230,193.6940,193.6940,0,100,
6/16/2026 1:00:00 PM,DAP,6/17/2026 9:00:00 AM,BASE CASE,SCHED_RUN,5DAAN_4TAB2,05DAANBN,230,226.7111,242.1816,15.4705,106.82,
6/16/2026 1:00:00 PM,DAP,6/17/2026 10:00:00 AM,BASE CASE,SCHED_RUN,5DAAN_4TAB2,05DAANBN,230,226.8186,242.2746,15.4560,106.81,
6/16/2026 1:00:00 PM,DAP,6/17/2026 10:00:00 AM,CONTINGENCY,SCHED_RUN,2QUEZ_2ARA1,02QUEZON,230,1199.9198,1199.9198,0,100,
6/16/2026 1:00:00 PM,DAP,6/17/2026 10:00:00 AM,BASE CASE,SCHED_RUN,5DAAN_4TAB1,04TABANG,230,193.8535,193.8535,0,100,
6/16/2026 1:00:00 PM,DAP,6/17/2026 11:00:00 AM,CONTINGENCY,SCHED_RUN,2QUEZ_2ARA1,02QUEZON,230,1199.9935,1199.9935,0,100,
6/16/2026 1:00:00 PM,DAP,6/17/2026 11:00:00 AM,BASE CASE,SCHED_RUN,LEYTE_TO_CEBU,LEYTE_TO,,440,440,0,100,
6/16/2026 1:00:00 PM,DAP,6/17/2026 11:00:00 AM,BASE CASE,SCHED_RUN,5DAAN_4TAB2,05DAANBN,230,225.9309,242.4601,16.5292,107.32,
6/16/2026 1:00:00 PM,DAP,6/17/2026 11:00:00 AM,BASE CASE,SCHED_RUN,5DAAN_4TAB1,04TABANG,230,194.3289,194.3289,0,100,
6/16/2026 1:00:00 PM,DAP,6/17/2026 12:00:00 PM,CONTINGENCY,SCHED_RUN,2QUEZ_2ARA1,02QUEZON,230,1199.9694,1199.9694,0,100,
6/16/2026 1:00:00 PM,DAP,6/17/2026 12:00:00 PM,BASE CASE,SCHED_RUN,5DAAN_4TAB1,04TABANG,230,194.2536,194.2536,0,100,
6/16/2026 1:00:00 PM,DAP,6/17/2026 12:00:00 PM,BASE CASE,SCHED_RUN,5DAAN_4TAB2,05DAANBN,230,226.0895,242.4373,16.3478,107.23,
6/16/2026 1:00:00 PM,DAP,6/17/2026 12:00:00 PM,BASE CASE,SCHED_RUN,LEYTE_TO_CEBU,LEYTE_TO,,440,440,0,100,
6/16/2026 1:00:00 PM,DAP,6/17/2026 1:00:00 PM,CONTINGENCY,SCHED_RUN,2QUEZ_2ARA1,02QUEZON,230,1199.9403,1199.9403,0,100,
6/16/2026 1:00:00 PM,DAP,6/17/2026 1:00:00 PM,BASE CASE,SCHED_RUN,5DAAN_4TAB2,05DAANBN,230,226.8071,241.9972,15.1901,106.70,
6/16/2026 1:00:00 PM,DAP,6/17/2026 7:00:00 PM,CONTINGENCY,SCHED_RUN,1EHVNGS_TR1,01EHVNAG,230,588.4669,588.4669,0,100,
6/16/2026 1:00:00 PM,DAP,6/17/2026 8:00:00 PM,CONTINGENCY,SCHED_RUN,1EHVNGS_TR1,01EHVNAG,230,586.7937,586.7937,0,100,
6/16/2026 1:00:00 PM,DAP,6/17/2026 10:00:00 PM,CONTINGENCY,SCHED_RUN,1EHVNGS_TR1,01EHVNAG,230,586.8211,586.8211,0,100,
6/16/2026 1:00:00 PM,DAP,6/17/2026 11:00:00 PM,BASE CASE,SCHED_RUN,5DAAN_4TAB2,05DAANBN,230,230.2460,230.2460,0,100,
6/16/2026 1:00:00 PM,DAP,6/18/2026,BASE CASE,SCHED_RUN,5DAAN_4TAB2,05DAANBN,230,230.4237,230.7549,0.3312,100.14,
6/16/2026 2:00:00 PM,DAP,6/16/2026 8:00:00 PM,CONTINGENCY,SCHED_RUN,1EHVNGS_TR1,01EHVNAG,230,586.8559,586.8559,0,100,
6/16/2026 2:00:00 PM,DAP,6/16/2026 10:00:00 PM,CONTINGENCY,SCHED_RUN,1EHVNGS_TR1,01EHVNAG,230,591.0294,591.0294,0,100,
6/16/2026 2:00:00 PM,DAP,6/16/2026 11:00:00 PM,CONTINGENCY,SCHED_RUN,1EHVNGS_TR1,01EHVNAG,230,591.0665,591.0665,0,100,
6/16/2026 2:00:00 PM,DAP,6/17/2026 4:00:00 AM,BASE CASE,SCHED_RUN,5DAAN_4TAB2,05DAANBN,230,230.9435,230.9435,0,100,
6/16/2026 2:00:00 PM,DAP,6/17/2026 7:00:00 AM,BASE CASE,SCHED_RUN,5DAAN_4TAB1,04TABANG,230,192.3572,192.3572,0,100,
6/16/2026 2:00:00 PM,DAP,6/17/2026 7:00:00 AM,BASE CASE,SCHED_RUN,5DAAN_4TAB2,05DAANBN,230,228.5559,241.8472,13.2913,105.82,
6/16/2026 2:00:00 PM,DAP,6/17/2026 8:00:00 AM,BASE CASE,SCHED_RUN,5DAAN_4TAB1,04TABANG,230,193.2362,193.2362,0,100,
6/16/2026 2:00:00 PM,DAP,6/17/2026 8:00:00 AM,BASE CASE,SCHED_RUN,5DAAN_4TAB2,05DAANBN,230,227.1644,242.0379,14.8735,106.55,
6/16/2026 2:00:00 PM,DAP,6/17/2026 9:00:00 AM,CONTINGENCY,SCHED_RUN,2QUEZ_2ARA1,02QUEZON,230,1199.7740,1199.7740,0,100,
6/16/2026 2:00:00 PM,DAP,6/17/2026 9:00:00 AM,BASE CASE,SCHED_RUN,5DAAN_4TAB1,04TABANG,230,193.6934,193.6934,0,100,
6/16/2026 2:00:00 PM,DAP,6/17/2026 9:00:00 AM,BASE CASE,SCHED_RUN,5DAAN_4TAB2,05DAANBN,230,226.7117,242.1830,15.4713,106.82,
6/16/2026 2:00:00 PM,DAP,6/17/2026 10:00:00 AM,CONTINGENCY,SCHED_RUN,2QUEZ_2ARA1,02QUEZON,230,1199.9843,1199.9843,0,100,
6/16/2026 2:00:00 PM,DAP,6/17/2026 10:00:00 AM,BASE CASE,SCHED_RUN,5DAAN_4TAB1,04TABANG,230,193.8529,193.8529,0,100,
6/16/2026 2:00:00 PM,DAP,6/17/2026 10:00:00 AM,BASE CASE,SCHED_RUN,5DAAN_4TAB2,05DAANBN,230,226.8243,242.2707,15.4464,106.81,
6/16/2026 2:00:00 PM,DAP,6/17/2026 11:00:00 AM,CONTINGENCY,SCHED_RUN,2QUEZ_2ARA1,02QUEZON,230,1199.9993,1199.9993,0,100,
6/16/2026 2:00:00 PM,DAP,6/17/2026 11:00:00 AM,BASE CASE,SCHED_RUN,LEYTE_TO_CEBU,LEYTE_TO,,440,440,0,100,
6/16/2026 2:00:00 PM,DAP,6/17/2026 11:00:00 AM,BASE CASE,SCHED_RUN,5DAAN_4TAB2,05DAANBN,230,225.9378,242.4558,16.5180,107.31,
6/16/2026 2:00:00 PM,DAP,6/17/2026 11:00:00 AM,BASE CASE,SCHED_RUN,5DAAN_4TAB1,04TABANG,230,194.3257,194.3257,0,100,
6/16/2026 2:00:00 PM,DAP,6/17/2026 12:00:00 PM,CONTINGENCY,SCHED_RUN,2QUEZ_2ARA1,02QUEZON,230,1199.9991,1199.9991,0,100,
6/16/2026 2:00:00 PM,DAP,6/17/2026 12:00:00 PM,BASE CASE,SCHED_RUN,5DAAN_4TAB1,04TABANG,230,194.2525,194.2525,0,100,
6/16/2026 2:00:00 PM,DAP,6/17/2026 12:00:00 PM,BASE CASE,SCHED_RUN,5DAAN_4TAB2,05DAANBN,230,226.0912,242.4367,16.3455,107.23,
6/16/2026 2:00:00 PM,DAP,6/17/2026 12:00:00 PM,BASE CASE,SCHED_RUN,LEYTE_TO_CEBU,LEYTE_TO,,440,440,0,100,
6/16/2026 2:00:00 PM,DAP,6/17/2026 1:00:00 PM,CONTINGENCY,SCHED_RUN,2QUEZ_2ARA1,02QUEZON,230,1199.9938,1199.9938,0,100,
6/16/2026 2:00:00 PM,DAP,6/17/2026 1:00:00 PM,BASE CASE,SCHED_RUN,5DAAN_4TAB2,05DAANBN,230,226.7976,241.4310,14.6334,106.45,
6/16/2026 2:00:00 PM,DAP,6/17/2026 3:00:00 PM,CONTINGENCY,SCHED_RUN,2QUEZ_2ARA1,02QUEZON,230,1199.9999,1199.9999,0,100,
6/16/2026 2:00:00 PM,DAP,6/17/2026 7:00:00 PM,CONTINGENCY,SCHED_RUN,1EHVNGS_TR1,01EHVNAG,230,591.1194,591.1194,0,100,
6/16/2026 2:00:00 PM,DAP,6/17/2026 8:00:00 PM,CONTINGENCY,SCHED_RUN,1EHVNGS_TR1,01EHVNAG,230,586.7098,586.7098,0,100,
6/16/2026 2:00:00 PM,DAP,6/17/2026 10:00:00 PM,CONTINGENCY,SCHED_RUN,1EHVNGS_TR1,01EHVNAG,230,590.3475,590.3475,0,100,
6/16/2026 2:00:00 PM,DAP,6/18/2026,BASE CASE,SCHED_RUN,5DAAN_4TAB2,05DAANBN,230,230.4247,230.7480,0.3233,100.14,
6/16/2026 3:00:00 PM,DAP,6/16/2026 8:00:00 PM,CONTINGENCY,SCHED_RUN,1EHVNGS_TR1,01EHVNAG,230,586.9867,586.9867,0,100,
6/16/2026 3:00:00 PM,DAP,6/16/2026 10:00:00 PM,CONTINGENCY,SCHED_RUN,1EHVNGS_TR1,01EHVNAG,230,591.2331,591.2331,0,100,
6/16/2026 3:00:00 PM,DAP,6/16/2026 11:00:00 PM,CONTINGENCY,SCHED_RUN,1EHVNGS_TR2,01EHVNAG,230,592.1376,592.1376,0,100,
6/16/2026 3:00:00 PM,DAP,6/17/2026 4:00:00 AM,BASE CASE,SCHED_RUN,5DAAN_4TAB2,05DAANBN,230,230.9608,231.6335,0.6727,100.29,
6/16/2026 3:00:00 PM,DAP,6/17/2026 7:00:00 AM,BASE CASE,SCHED_RUN,5DAAN_4TAB2,05DAANBN,230,228.5559,241.8472,13.2913,105.82,
6/16/2026 3:00:00 PM,DAP,6/17/2026 7:00:00 AM,BASE CASE,SCHED_RUN,5DAAN_4TAB1,04TABANG,230,192.3572,192.3572,0,100,
6/16/2026 3:00:00 PM,DAP,6/17/2026 8:00:00 AM,BASE CASE,SCHED_RUN,5DAAN_4TAB1,04TABANG,230,193.2362,193.2362,0,100,
6/16/2026 3:00:00 PM,DAP,6/17/2026 8:00:00 AM,BASE CASE,SCHED_RUN,5DAAN_4TAB2,05DAANBN,230,227.1644,242.0379,14.8735,106.55,
6/16/2026 3:00:00 PM,DAP,6/17/2026 9:00:00 AM,CONTINGENCY,SCHED_RUN,2QUEZ_2ARA1,02QUEZON,230,1199.7754,1199.7754,0,100,
6/16/2026 3:00:00 PM,DAP,6/17/2026 9:00:00 AM,BASE CASE,SCHED_RUN,5DAAN_4TAB1,04TABANG,230,193.6930,193.6930,0,100,
6/16/2026 3:00:00 PM,DAP,6/17/2026 9:00:00 AM,BASE CASE,SCHED_RUN,5DAAN_4TAB2,05DAANBN,230,226.7132,242.1812,15.4680,106.82,
6/16/2026 3:00:00 PM,DAP,6/17/2026 10:00:00 AM,CONTINGENCY,SCHED_RUN,2QUEZ_2ARA1,02QUEZON,230,1199.9845,1199.9845,0,100,
6/16/2026 3:00:00 PM,DAP,6/17/2026 10:00:00 AM,BASE CASE,SCHED_RUN,5DAAN_4TAB1,04TABANG,230,193.8521,193.8521,0,100,
6/16/2026 3:00:00 PM,DAP,6/17/2026 10:00:00 AM,BASE CASE,SCHED_RUN,5DAAN_4TAB2,05DAANBN,230,226.8249,242.2692,15.4443,106.81,
6/16/2026 3:00:00 PM,DAP,6/17/2026 11:00:00 AM,CONTINGENCY,SCHED_RUN,2QUEZ_2ARA1,02QUEZON,230,1199.9993,1199.9993,0,100,
6/16/2026 3:00:00 PM,DAP,6/17/2026 11:00:00 AM,BASE CASE,SCHED_RUN,LEYTE_TO_CEBU,LEYTE_TO,,440,440,0,100,
6/16/2026 3:00:00 PM,DAP,6/17/2026 11:00:00 AM,BASE CASE,SCHED_RUN,5DAAN_4TAB2,05DAANBN,230,225.9368,242.4570,16.5202,107.31,
6/16/2026 3:00:00 PM,DAP,6/17/2026 11:00:00 AM,BASE CASE,SCHED_RUN,5DAAN_4TAB1,04TABANG,230,194.3261,194.3261,0,100,
6/16/2026 3:00:00 PM,DAP,6/17/2026 12:00:00 PM,CONTINGENCY,SCHED_RUN,2QUEZ_2ARA1,02QUEZON,230,1199.9991,1199.9991,0,100,
6/16/2026 3:00:00 PM,DAP,6/17/2026 12:00:00 PM,BASE CASE,SCHED_RUN,5DAAN_4TAB1,04TABANG,230,194.2523,194.2523,0,100,
6/16/2026 3:00:00 PM,DAP,6/17/2026 12:00:00 PM,BASE CASE,SCHED_RUN,5DAAN_4TAB2,05DAANBN,230,226.0906,242.4390,16.3484,107.23,
6/16/2026 3:00:00 PM,DAP,6/17/2026 12:00:00 PM,BASE CASE,SCHED_RUN,LEYTE_TO_CEBU,LEYTE_TO,,440,440,0,100,
6/16/2026 3:00:00 PM,DAP,6/17/2026 1:00:00 PM,CONTINGENCY,SCHED_RUN,2QUEZ_2ARA1,02QUEZON,230,1199.9937,1199.9937,0,100,
6/16/2026 3:00:00 PM,DAP,6/17/2026 1:00:00 PM,BASE CASE,SCHED_RUN,5DAAN_4TAB2,05DAANBN,230,226.7961,241.4283,14.6322,106.45,
6/16/2026 3:00:00 PM,DAP,6/17/2026 3:00:00 PM,CONTINGENCY,SCHED_RUN,2QUEZ_2ARA1,02QUEZON,230,1199.9998,1199.9998,0,100,
6/16/2026 3:00:00 PM,DAP,6/17/2026 7:00:00 PM,CONTINGENCY,SCHED_RUN,1EHVNGS_TR1,01EHVNAG,230,591.1409,591.1409,0,100,
6/16/2026 3:00:00 PM,DAP,6/17/2026 8:00:00 PM,CONTINGENCY,SCHED_RUN,1EHVNGS_TR1,01EHVNAG,230,586.7352,586.7352,0,100,
6/16/2026 3:00:00 PM,DAP,6/17/2026 10:00:00 PM,CONTINGENCY,SCHED_RUN,1EHVNGS_TR1,01EHVNAG,230,590.3840,590.3840,0,100,
6/16/2026 3:00:00 PM,DAP,6/18/2026,BASE CASE,SCHED_RUN,5DAAN_4TAB2,05DAANBN,230,230.4247,230.7480,0.3233,100.14,
6/16/2026 4:00:00 PM,DAP,6/16/2026 8:00:00 PM,CONTINGENCY,SCHED_RUN,1EHVNGS_TR2,01EHVNAG,230,586.7082,586.7082,0,100,
6/16/2026 4:00:00 PM,DAP,6/16/2026 10:00:00 PM,CONTINGENCY,SCHED_RUN,1EHVNGS_TR1,01EHVNAG,230,590.6018,590.6018,0,100,
6/16/2026 4:00:00 PM,DAP,6/16/2026 11:00:00 PM,CONTINGENCY,SCHED_RUN,1EHVNGS_TR1,01EHVNAG,230,591.6807,591.6807,0,100,
6/16/2026 4:00:00 PM,DAP,6/17/2026 4:00:00 AM,BASE CASE,SCHED_RUN,5DAAN_4TAB2,05DAANBN,230,230.9639,231.6596,0.6957,100.30,
6/16/2026 4:00:00 PM,DAP,6/17/2026 7:00:00 AM,BASE CASE,SCHED_RUN,5DAAN_4TAB1,04TABANG,230,192.3604,192.3604,0,100,
6/16/2026 4:00:00 PM,DAP,6/17/2026 7:00:00 AM,BASE CASE,SCHED_RUN,5DAAN_4TAB2,05DAANBN,230,228.5563,241.8288,13.2725,105.81,
6/16/2026 4:00:00 PM,DAP,6/17/2026 8:00:00 AM,BASE CASE,SCHED_RUN,5DAAN_4TAB1,04TABANG,230,193.2305,193.2305,0,100,
6/16/2026 4:00:00 PM,DAP,6/17/2026 8:00:00 AM,BASE CASE,SCHED_RUN,5DAAN_4TAB2,05DAANBN,230,227.1647,242.0421,14.8774,106.55,
6/16/2026 4:00:00 PM,DAP,6/17/2026 9:00:00 AM,CONTINGENCY,SCHED_RUN,2QUEZ_2ARA1,02QUEZON,230,1199.7748,1199.7748,0,100,
6/16/2026 4:00:00 PM,DAP,6/17/2026 9:00:00 AM,BASE CASE,SCHED_RUN,5DAAN_4TAB1,04TABANG,230,193.6883,193.6883,0,100,
6/16/2026 4:00:00 PM,DAP,6/17/2026 9:00:00 AM,BASE CASE,SCHED_RUN,5DAAN_4TAB2,05DAANBN,230,226.7180,242.1779,15.4599,106.82,
6/16/2026 4:00:00 PM,DAP,6/17/2026 10:00:00 AM,CONTINGENCY,SCHED_RUN,2QUEZ_2ARA1,02QUEZON,230,1199.9845,1199.9845,0,100,
6/16/2026 4:00:00 PM,DAP,6/17/2026 10:00:00 AM,BASE CASE,SCHED_RUN,5DAAN_4TAB2,05DAANBN,230,226.8272,242.2670,15.4398,106.81,
6/16/2026 4:00:00 PM,DAP,6/17/2026 10:00:00 AM,BASE CASE,SCHED_RUN,5DAAN_4TAB1,04TABANG,230,193.8485,193.8485,0,100,
6/16/2026 4:00:00 PM,DAP,6/17/2026 11:00:00 AM,CONTINGENCY,SCHED_RUN,2QUEZ_2ARA1,02QUEZON,230,1199.9993,1199.9993,0,100,
6/16/2026 4:00:00 PM,DAP,6/17/2026 11:00:00 AM,BASE CASE,SCHED_RUN,5DAAN_4TAB1,04TABANG,230,194.3226,194.3226,0,100,
6/16/2026 4:00:00 PM,DAP,6/17/2026 11:00:00 AM,BASE CASE,SCHED_RUN,5DAAN_4TAB2,05DAANBN,230,225.9385,242.4553,16.5168,107.31,
6/16/2026 4:00:00 PM,DAP,6/17/2026 11:00:00 AM,BASE CASE,SCHED_RUN,LEYTE_TO_CEBU,LEYTE_TO,,440,440,0,100,
6/16/2026 4:00:00 PM,DAP,6/17/2026 12:00:00 PM,CONTINGENCY,SCHED_RUN,2QUEZ_2ARA1,02QUEZON,230,1199.9991,1199.9991,0,100,
6/16/2026 4:00:00 PM,DAP,6/17/2026 12:00:00 PM,BASE CASE,SCHED_RUN,LEYTE_TO_CEBU,LEYTE_TO,,440,440,0,100,
6/16/2026 4:00:00 PM,DAP,6/17/2026 12:00:00 PM,BASE CASE,SCHED_RUN,5DAAN_4TAB1,04TABANG,230,194.2479,194.2479,0,100,
6/16/2026 4:00:00 PM,DAP,6/17/2026 12:00:00 PM,BASE CASE,SCHED_RUN,5DAAN_4TAB2,05DAANBN,230,226.0961,242.4356,16.3395,107.23,
6/16/2026 4:00:00 PM,DAP,6/17/2026 1:00:00 PM,CONTINGENCY,SCHED_RUN,2QUEZ_2ARA1,02QUEZON,230,1199.9937,1199.9937,0,100,
6/16/2026 4:00:00 PM,DAP,6/17/2026 1:00:00 PM,BASE CASE,SCHED_RUN,5DAAN_4TAB2,05DAANBN,230,226.7989,241.4465,14.6476,106.46,
6/16/2026 4:00:00 PM,DAP,6/17/2026 3:00:00 PM,CONTINGENCY,SCHED_RUN,2QUEZ_2ARA1,02QUEZON,230,1199.9996,1199.9996,0,100,
6/16/2026 4:00:00 PM,DAP,6/17/2026 7:00:00 PM,CONTINGENCY,SCHED_RUN,1EHVNGS_TR1,01EHVNAG,230,591.1375,591.1375,0,100,
6/16/2026 4:00:00 PM,DAP,6/17/2026 8:00:00 PM,CONTINGENCY,SCHED_RUN,1EHVNGS_TR1,01EHVNAG,230,586.7352,586.7352,0,100,
6/16/2026 4:00:00 PM,DAP,6/17/2026 10:00:00 PM,CONTINGENCY,SCHED_RUN,1EHVNGS_TR1,01EHVNAG,230,590.3840,590.3840,0,100,
6/16/2026 4:00:00 PM,DAP,6/18/2026,BASE CASE,SCHED_RUN,5DAAN_4TAB2,05DAANBN,230,230.4247,230.7480,0.3233,100.14,
6/16/2026 5:00:00 PM,DAP,6/16/2026 8:00:00 PM,CONTINGENCY,SCHED_RUN,1EHVNGS_TR2,01EHVNAG,230,586.3246,586.3246,0,100,
6/16/2026 5:00:00 PM,DAP,6/16/2026 10:00:00 PM,CONTINGENCY,SCHED_RUN,1EHVNGS_TR1,01EHVNAG,230,589.9338,589.9338,0,100,
6/16/2026 5:00:00 PM,DAP,6/16/2026 11:00:00 PM,CONTINGENCY,SCHED_RUN,1EHVNGS_TR1,01EHVNAG,230,591.3239,591.3239,0,100,
6/16/2026 5:00:00 PM,DAP,6/17/2026 7:00:00 AM,BASE CASE,SCHED_RUN,5DAAN_4TAB1,04TABANG,230,192.3733,192.3733,0,100,
6/16/2026 5:00:00 PM,DAP,6/17/2026 7:00:00 AM,BASE CASE,SCHED_RUN,5DAAN_4TAB2,05DAANBN,230,228.5570,241.7566,13.1996,105.78,
6/16/2026 5:00:00 PM,DAP,6/17/2026 8:00:00 AM,BASE CASE,SCHED_RUN,5DAAN_4TAB1,04TABANG,230,193.2368,193.2368,0,100,
6/16/2026 5:00:00 PM,DAP,6/17/2026 8:00:00 AM,BASE CASE,SCHED_RUN,5DAAN_4TAB2,05DAANBN,230,227.1516,242.0454,14.8938,106.56,
6/16/2026 5:00:00 PM,DAP,6/17/2026 9:00:00 AM,CONTINGENCY,SCHED_RUN,2QUEZ_2ARA1,02QUEZON,230,1199.7677,1199.7677,0,100,
6/16/2026 5:00:00 PM,DAP,6/17/2026 9:00:00 AM,BASE CASE,SCHED_RUN,5DAAN_4TAB1,04TABANG,230,193.6766,193.6766,0,100,
6/16/2026 5:00:00 PM,DAP,6/17/2026 9:00:00 AM,BASE CASE,SCHED_RUN,5DAAN_4TAB2,05DAANBN,230,226.7387,242.2184,15.4797,106.83,
6/16/2026 5:00:00 PM,DAP,6/17/2026 10:00:00 AM,CONTINGENCY,SCHED_RUN,2QUEZ_2ARA1,02QUEZON,230,1199.9838,1199.9838,0,100,
6/16/2026 5:00:00 PM,DAP,6/17/2026 10:00:00 AM,BASE CASE,SCHED_RUN,5DAAN_4TAB1,04TABANG,230,193.8478,193.8478,0,100,
6/16/2026 5:00:00 PM,DAP,6/17/2026 10:00:00 AM,BASE CASE,SCHED_RUN,5DAAN_4TAB2,05DAANBN,230,226.8261,242.2707,15.4446,106.81,
6/16/2026 5:00:00 PM,DAP,6/17/2026 11:00:00 AM,CONTINGENCY,SCHED_RUN,2QUEZ_2ARA1,02QUEZON,230,1199.9993,1199.9993,0,100,
6/16/2026 5:00:00 PM,DAP,6/17/2026 11:00:00 AM,BASE CASE,SCHED_RUN,LEYTE_TO_CEBU,LEYTE_TO,,440,440,0,100,
6/16/2026 5:00:00 PM,DAP,6/17/2026 11:00:00 AM,BASE CASE,SCHED_RUN,5DAAN_4TAB2,05DAANBN,230,225.9271,242.4543,16.5272,107.32,
6/16/2026 5:00:00 PM,DAP,6/17/2026 11:00:00 AM,BASE CASE,SCHED_RUN,5DAAN_4TAB1,04TABANG,230,194.3272,194.3272,0,100,
6/16/2026 5:00:00 PM,DAP,6/17/2026 12:00:00 PM,CONTINGENCY,SCHED_RUN,2QUEZ_2ARA1,02QUEZON,230,1199.9991,1199.9991,0,100,
6/16/2026 5:00:00 PM,DAP,6/17/2026 12:00:00 PM,BASE CASE,SCHED_RUN,5DAAN_4TAB1,04TABANG,230,194.2649,194.2649,0,100,
6/16/2026 5:00:00 PM,DAP,6/17/2026 12:00:00 PM,BASE CASE,SCHED_RUN,5DAAN_4TAB2,05DAANBN,230,226.0520,242.4380,16.3860,107.25,
6/16/2026 5:00:00 PM,DAP,6/17/2026 12:00:00 PM,BASE CASE,SCHED_RUN,LEYTE_TO_CEBU,LEYTE_TO,,440,440,0,100,
6/16/2026 5:00:00 PM,DAP,6/17/2026 1:00:00 PM,CONTINGENCY,SCHED_RUN,2QUEZ_2ARA1,02QUEZON,230,1199.9937,1199.9937,0,100,
6/16/2026 5:00:00 PM,DAP,6/17/2026 1:00:00 PM,BASE CASE,SCHED_RUN,5DAAN_4TAB2,05DAANBN,230,226.7925,242.0089,15.2164,106.71,
6/16/2026 5:00:00 PM,DAP,6/17/2026 3:00:00 PM,CONTINGENCY,SCHED_RUN,2QUEZ_2ARA1,02QUEZON,230,1199.9996,1199.9996,0,100,
6/16/2026 5:00:00 PM,DAP,6/17/2026 7:00:00 PM,CONTINGENCY,SCHED_RUN,1EHVNGS_TR1,01EHVNAG,230,591.1288,591.1288,0,100,
6/16/2026 5:00:00 PM,DAP,6/17/2026 8:00:00 PM,CONTINGENCY,SCHED_RUN,1EHVNGS_TR1,01EHVNAG,230,586.7419,586.7419,0,100,
6/16/2026 5:00:00 PM,DAP,6/17/2026 10:00:00 PM,CONTINGENCY,SCHED_RUN,1EHVNGS_TR1,01EHVNAG,230,590.3819,590.3819,0,100,
6/16/2026 5:00:00 PM,DAP,6/18/2026,BASE CASE,SCHED_RUN,5DAAN_4TAB2,05DAANBN,230,230.4235,230.8069,0.3834,100.17,
6/16/2026 6:00:00 PM,DAP,6/16/2026 10:00:00 PM,CONTINGENCY,SCHED_RUN,1EHVNGS_TR1,01EHVNAG,230,590.3638,590.3638,0,100,
6/16/2026 6:00:00 PM,DAP,6/16/2026 11:00:00 PM,CONTINGENCY,SCHED_RUN,1EHVNGS_TR1,01EHVNAG,230,591.2460,591.2460,0,100,
6/16/2026 6:00:00 PM,DAP,6/17/2026 7:00:00 AM,BASE CASE,SCHED_RUN,5DAAN_4TAB2,05DAANBN,230,228.5575,241.6975,13.14,105.75,
6/16/2026 6:00:00 PM,DAP,6/17/2026 7:00:00 AM,BASE CASE,SCHED_RUN,5DAAN_4TAB1,04TABANG,230,192.3833,192.3833,0,100,
6/16/2026 6:00:00 PM,DAP,6/17/2026 8:00:00 AM,BASE CASE,SCHED_RUN,5DAAN_4TAB1,04TABANG,230,193.2441,193.2441,0,100,
6/16/2026 6:00:00 PM,DAP,6/17/2026 8:00:00 AM,BASE CASE,SCHED_RUN,5DAAN_4TAB2,05DAANBN,230,227.1276,242.0608,14.9332,106.57,
6/16/2026 6:00:00 PM,DAP,6/17/2026 9:00:00 AM,BASE CASE,SCHED_RUN,5DAAN_4TAB2,05DAANBN,230,226.7575,242.2582,15.5007,106.84,
6/16/2026 6:00:00 PM,DAP,6/17/2026 9:00:00 AM,BASE CASE,SCHED_RUN,5DAAN_4TAB1,04TABANG,230,193.6636,193.6636,0,100,
6/16/2026 6:00:00 PM,DAP,6/17/2026 9:00:00 AM,CONTINGENCY,SCHED_RUN,2QUEZ_2ARA1,02QUEZON,230,1199.7665,1199.7665,0,100,
6/16/2026 6:00:00 PM,DAP,6/17/2026 10:00:00 AM,CONTINGENCY,SCHED_RUN,2QUEZ_2ARA1,02QUEZON,230,1199.9841,1199.9841,0,100,
6/16/2026 6:00:00 PM,DAP,6/17/2026 10:00:00 AM,BASE CASE,SCHED_RUN,5DAAN_4TAB2,05DAANBN,230,226.8216,242.2842,15.4626,106.82,
6/16/2026 6:00:00 PM,DAP,6/17/2026 10:00:00 AM,BASE CASE,SCHED_RUN,5DAAN_4TAB1,04TABANG,230,193.8478,193.8478,0,100,
6/16/2026 6:00:00 PM,DAP,6/17/2026 11:00:00 AM,BASE CASE,SCHED_RUN,LEYTE_TO_CEBU,LEYTE_TO,,440,440,0,100,
6/16/2026 6:00:00 PM,DAP,6/17/2026 11:00:00 AM,BASE CASE,SCHED_RUN,5DAAN_4TAB2,05DAANBN,230,225.8817,242.4611,16.5794,107.34,
6/16/2026 6:00:00 PM,DAP,6/17/2026 11:00:00 AM,BASE CASE,SCHED_RUN,5DAAN_4TAB1,04TABANG,230,194.3528,194.3528,0,100,
6/16/2026 6:00:00 PM,DAP,6/17/2026 11:00:00 AM,CONTINGENCY,SCHED_RUN,2QUEZ_2ARA1,02QUEZON,230,1199.9987,1199.9987,0,100,
6/16/2026 6:00:00 PM,DAP,6/17/2026 12:00:00 PM,BASE CASE,SCHED_RUN,5DAAN_4TAB2,05DAANBN,230,225.9456,242.4530,16.5074,107.31,
6/16/2026 6:00:00 PM,DAP,6/17/2026 12:00:00 PM,BASE CASE,SCHED_RUN,LEYTE_TO_CEBU,LEYTE_TO,,440,440,0,100,
6/16/2026 6:00:00 PM,DAP,6/17/2026 12:00:00 PM,BASE CASE,SCHED_RUN,5DAAN_4TAB1,04TABANG,230,194.3302,194.3302,0,100,
6/16/2026 6:00:00 PM,DAP,6/17/2026 12:00:00 PM,CONTINGENCY,SCHED_RUN,2QUEZ_2ARA1,02QUEZON,230,1199.9993,1199.9993,0,100,
6/16/2026 6:00:00 PM,DAP,6/17/2026 1:00:00 PM,CONTINGENCY,SCHED_RUN,2QUEZ_2ARA1,02QUEZON,230,1199.9938,1199.9938,0,100,
6/16/2026 6:00:00 PM,DAP,6/17/2026 1:00:00 PM,BASE CASE,SCHED_RUN,5DAAN_4TAB2,05DAANBN,230,226.7844,241.8186,15.0342,106.63,
6/16/2026 6:00:00 PM,DAP,6/17/2026 3:00:00 PM,CONTINGENCY,SCHED_RUN,2QUEZ_2ARA1,02QUEZON,230,1199.9996,1199.9996,0,100,
6/16/2026 6:00:00 PM,DAP,6/17/2026 7:00:00 PM,CONTINGENCY,SCHED_RUN,1EHVNGS_TR1,01EHVNAG,230,591.0782,591.0782,0,100,
6/16/2026 6:00:00 PM,DAP,6/17/2026 8:00:00 PM,CONTINGENCY,SCHED_RUN,1EHVNGS_TR1,01EHVNAG,230,586.7307,586.7307,0,100,
6/16/2026 6:00:00 PM,DAP,6/17/2026 10:00:00 PM,CONTINGENCY,SCHED_RUN,1EHVNGS_TR1,01EHVNAG,230,590.3819,590.3819,0,100,
6/16/2026 6:00:00 PM,DAP,6/18/2026,BASE CASE,SCHED_RUN,5DAAN_4TAB2,05DAANBN,230,230.4362,231.0235,0.5873,100.25,
6/16/2026 7:00:00 PM,DAP,6/16/2026 10:00:00 PM,CONTINGENCY,SCHED_RUN,1EHVNGS_TR1,01EHVNAG,230,590.3344,590.3344,0,100,
6/16/2026 7:00:00 PM,DAP,6/16/2026 11:00:00 PM,CONTINGENCY,SCHED_RUN,1EHVNGS_TR1,01EHVNAG,230,591.2183,591.2183,0,100,
6/16/2026 7:00:00 PM,DAP,6/17/2026 3:00:00 AM,BASE CASE,SCHED_RUN,5DAAN_4TAB2,05DAANBN,230,230.7193,233.0585,2.3392,101.01,
6/16/2026 7:00:00 PM,DAP,6/17/2026 7:00:00 AM,BASE CASE,SCHED_RUN,5DAAN_4TAB2,05DAANBN,230,228.5591,239.1745,10.6154,104.64,
6/16/2026 7:00:00 PM,DAP,6/17/2026 8:00:00 AM,BASE CASE,SCHED_RUN,5DAAN_4TAB2,05DAANBN,230,227.3209,242.5272,15.2063,106.69,
6/16/2026 7:00:00 PM,DAP,6/17/2026 8:00:00 AM,BASE CASE,SCHED_RUN,5DAAN_4TAB1,04TABANG,230,193.0633,193.0633,0,100,
6/16/2026 7:00:00 PM,DAP,6/17/2026 9:00:00 AM,CONTINGENCY,SCHED_RUN,2QUEZ_2ARA1,02QUEZON,230,1199.7676,1199.7676,0,100,
6/16/2026 7:00:00 PM,DAP,6/17/2026 9:00:00 AM,BASE CASE,SCHED_RUN,5DAAN_4TAB1,04TABANG,230,193.6643,193.6643,0,100,
6/16/2026 7:00:00 PM,DAP,6/17/2026 9:00:00 AM,BASE CASE,SCHED_RUN,5DAAN_4TAB2,05DAANBN,230,226.7501,242.2336,15.4835,106.83,
6/16/2026 7:00:00 PM,DAP,6/17/2026 10:00:00 AM,CONTINGENCY,SCHED_RUN,2QUEZ_2ARA1,02QUEZON,230,1199.9841,1199.9841,0,100,
6/16/2026 7:00:00 PM,DAP,6/17/2026 10:00:00 AM,BASE CASE,SCHED_RUN,5DAAN_4TAB1,04TABANG,230,193.8181,193.8181,0,100,
6/16/2026 7:00:00 PM,DAP,6/17/2026 10:00:00 AM,BASE CASE,SCHED_RUN,5DAAN_4TAB2,05DAANBN,230,226.8584,242.2509,15.3925,106.79,
6/16/2026 7:00:00 PM,DAP,6/17/2026 11:00:00 AM,CONTINGENCY,SCHED_RUN,2QUEZ_2ARA1,02QUEZON,230,1199.9985,1199.9985,0,100,
6/16/2026 7:00:00 PM,DAP,6/17/2026 11:00:00 AM,BASE CASE,SCHED_RUN,5DAAN_4TAB1,04TABANG,230,194.3716,194.3716,0,100,
6/16/2026 7:00:00 PM,DAP,6/17/2026 11:00:00 AM,BASE CASE,SCHED_RUN,LEYTE_TO_CEBU,LEYTE_TO,,440,440,0,100,
6/16/2026 7:00:00 PM,DAP,6/17/2026 11:00:00 AM,BASE CASE,SCHED_RUN,5DAAN_4TAB2,05DAANBN,230,225.8433,242.4681,16.6248,107.36,
6/16/2026 7:00:00 PM,DAP,6/17/2026 12:00:00 PM,CONTINGENCY,SCHED_RUN,2QUEZ_2ARA1,02QUEZON,230,1199.9993,1199.9993,0,100,
6/16/2026 7:00:00 PM,DAP,6/17/2026 12:00:00 PM,BASE CASE,SCHED_RUN,5DAAN_4TAB1,04TABANG,230,194.3095,194.3095,0,100,
6/16/2026 7:00:00 PM,DAP,6/17/2026 12:00:00 PM,BASE CASE,SCHED_RUN,5DAAN_4TAB2,05DAANBN,230,225.9683,242.4443,16.4760,107.29,
6/16/2026 7:00:00 PM,DAP,6/17/2026 12:00:00 PM,BASE CASE,SCHED_RUN,LEYTE_TO_CEBU,LEYTE_TO,,440,440,0,100,
6/16/2026 7:00:00 PM,DAP,6/17/2026 1:00:00 PM,CONTINGENCY,SCHED_RUN,2QUEZ_2ARA1,02QUEZON,230,1199.9938,1199.9938,0,100,
6/16/2026 7:00:00 PM,DAP,6/17/2026 1:00:00 PM,BASE CASE,SCHED_RUN,5DAAN_4TAB2,05DAANBN,230,226.8248,242.2755,15.4507,106.81,
6/16/2026 7:00:00 PM,DAP,6/17/2026 3:00:00 PM,CONTINGENCY,SCHED_RUN,2QUEZ_2ARA1,02QUEZON,230,1199.9994,1199.9994,0,100,
6/16/2026 7:00:00 PM,DAP,6/17/2026 7:00:00 PM,CONTINGENCY,SCHED_RUN,1EHVNGS_TR1,01EHVNAG,230,591.1075,591.1075,0,100,
6/16/2026 7:00:00 PM,DAP,6/17/2026 8:00:00 PM,CONTINGENCY,SCHED_RUN,1EHVNGS_TR1,01EHVNAG,230,586.7060,586.7060,0,100,
6/16/2026 7:00:00 PM,DAP,6/17/2026 10:00:00 PM,CONTINGENCY,SCHED_RUN,1EHVNGS_TR1,01EHVNAG,230,590.3745,590.3745,0,100,
6/16/2026 7:00:00 PM,DAP,6/17/2026 11:00:00 PM,BASE CASE,SCHED_RUN,5DAAN_4TAB2,05DAANBN,230,230.3051,230.3051,0,100,
6/16/2026 7:00:00 PM,DAP,6/18/2026,BASE CASE,SCHED_RUN,5DAAN_4TAB2,05DAANBN,230,230.4203,231.4190,0.9987,100.43,
6/16/2026 8:00:00 PM,DAP,6/16/2026 9:00:00 PM,CONTINGENCY,SCHED_RUN,1EHVNGS_TR2,01EHVNAG,230,586.5385,586.5385,0,100,
6/16/2026 8:00:00 PM,DAP,6/16/2026 10:00:00 PM,CONTINGENCY,SCHED_RUN,1EHVNGS_TR1,01EHVNAG,230,590.2019,590.2019,0,100,
6/16/2026 8:00:00 PM,DAP,6/16/2026 11:00:00 PM,CONTINGENCY,SCHED_RUN,1EHVNGS_TR1,01EHVNAG,230,589.9277,589.9277,0,100,
6/16/2026 8:00:00 PM,DAP,6/17/2026 3:00:00 AM,BASE CASE,SCHED_RUN,5DAAN_4TAB2,05DAANBN,230,230.7881,237.3436,6.5555,102.84,
6/16/2026 8:00:00 PM,DAP,6/17/2026 4:00:00 AM,BASE CASE,SCHED_RUN,5DAAN_4TAB2,05DAANBN,230,230.8120,241.1471,10.3351,104.48,
6/16/2026 8:00:00 PM,DAP,6/17/2026 4:00:00 AM,BASE CASE,SCHED_RUN,5DAAN_4TAB1,04TABANG,230,191.5059,191.5059,0,100,
6/16/2026 8:00:00 PM,DAP,6/17/2026 7:00:00 AM,BASE CASE,SCHED_RUN,5DAAN_4TAB2,05DAANBN,230,228.5629,237.6715,9.1086,103.99,
6/16/2026 8:00:00 PM,DAP,6/17/2026 8:00:00 AM,BASE CASE,SCHED_RUN,5DAAN_4TAB2,05DAANBN,230,227.4466,242.8153,15.3687,106.76,
6/16/2026 8:00:00 PM,DAP,6/17/2026 8:00:00 AM,BASE CASE,SCHED_RUN,5DAAN_4TAB1,04TABANG,230,192.9475,192.9475,0,100,
6/16/2026 8:00:00 PM,DAP,6/17/2026 9:00:00 AM,BASE CASE,SCHED_RUN,5DAAN_4TAB1,04TABANG,230,193.6422,193.6422,0,100,
6/16/2026 8:00:00 PM,DAP,6/17/2026 9:00:00 AM,BASE CASE,SCHED_RUN,5DAAN_4TAB2,05DAANBN,230,226.7778,242.2940,15.5162,106.84,
6/16/2026 8:00:00 PM,DAP,6/17/2026 9:00:00 AM,CONTINGENCY,SCHED_RUN,2QUEZ_2ARA1,02QUEZON,230,1199.7692,1199.7692,0,100,
6/16/2026 8:00:00 PM,DAP,6/17/2026 10:00:00 AM,BASE CASE,SCHED_RUN,5DAAN_4TAB2,05DAANBN,230,226.8417,242.2516,15.4099,106.79,
6/16/2026 8:00:00 PM,DAP,6/17/2026 10:00:00 AM,CONTINGENCY,SCHED_RUN,2QUEZ_2ARA1,02QUEZON,230,1199.9849,1199.9849,0,100,
6/16/2026 8:00:00 PM,DAP,6/17/2026 10:00:00 AM,BASE CASE,SCHED_RUN,5DAAN_4TAB1,04TABANG,230,193.8416,193.8416,0,100,
6/16/2026 8:00:00 PM,DAP,6/17/2026 11:00:00 AM,CONTINGENCY,SCHED_RUN,2QUEZ_2ARA1,02QUEZON,230,1199.9973,1199.9973,0,100,
6/16/2026 8:00:00 PM,DAP,6/17/2026 11:00:00 AM,BASE CASE,SCHED_RUN,LEYTE_TO_CEBU,LEYTE_TO,,440,440,0,100,
6/16/2026 8:00:00 PM,DAP,6/17/2026 11:00:00 AM,BASE CASE,SCHED_RUN,5DAAN_4TAB2,05DAANBN,230,225.8646,242.4904,16.6258,107.36,
6/16/2026 8:00:00 PM,DAP,6/17/2026 11:00:00 AM,BASE CASE,SCHED_RUN,5DAAN_4TAB1,04TABANG,230,194.3676,194.3676,0,100,
6/16/2026 8:00:00 PM,DAP,6/17/2026 12:00:00 PM,CONTINGENCY,SCHED_RUN,2QUEZ_2ARA1,02QUEZON,230,1199.9994,1199.9994,0,100,
6/16/2026 8:00:00 PM,DAP,6/17/2026 12:00:00 PM,BASE CASE,SCHED_RUN,5DAAN_4TAB1,04TABANG,230,194.2835,194.2835,0,100,
6/16/2026 8:00:00 PM,DAP,6/17/2026 12:00:00 PM,BASE CASE,SCHED_RUN,5DAAN_4TAB2,05DAANBN,230,226.0244,242.4466,16.4222,107.27,
6/16/2026 8:00:00 PM,DAP,6/17/2026 12:00:00 PM,BASE CASE,SCHED_RUN,LEYTE_TO_CEBU,LEYTE_TO,,440,440,0,100,
6/16/2026 8:00:00 PM,DAP,6/17/2026 1:00:00 PM,CONTINGENCY,SCHED_RUN,2QUEZ_2ARA1,02QUEZON,230,1199.9940,1199.9940,0,100,
6/16/2026 8:00:00 PM,DAP,6/17/2026 1:00:00 PM,BASE CASE,SCHED_RUN,5DAAN_4TAB2,05DAANBN,230,226.8278,242.1964,15.3686,106.78,
6/16/2026 8:00:00 PM,DAP,6/17/2026 7:00:00 PM,CONTINGENCY,SCHED_RUN,1EHVNGS_TR1,01EHVNAG,230,591.1039,591.1039,0,100,
6/16/2026 8:00:00 PM,DAP,6/17/2026 8:00:00 PM,CONTINGENCY,SCHED_RUN,1EHVNGS_TR1,01EHVNAG,230,586.8898,586.8898,0,100,
6/16/2026 8:00:00 PM,DAP,6/17/2026 9:00:00 PM,CONTINGENCY,SCHED_RUN,1EHVNGS_TR1,01EHVNAG,230,587.0734,587.0734,0,100,
6/16/2026 8:00:00 PM,DAP,6/17/2026 10:00:00 PM,CONTINGENCY,SCHED_RUN,1EHVNGS_TR1,01EHVNAG,230,590.7941,590.7941,0,100,
6/16/2026 8:00:00 PM,DAP,6/17/2026 11:00:00 PM,BASE CASE,SCHED_RUN,5DAAN_4TAB2,05DAANBN,230,230.3084,230.3084,0,100,
6/16/2026 8:00:00 PM,DAP,6/18/2026,BASE CASE,SCHED_RUN,5DAAN_4TAB2,05DAANBN,230,230.4181,231.3370,0.9189,100.40,
6/16/2026 9:00:00 PM,DAP,6/16/2026 10:00:00 PM,CONTINGENCY,SCHED_RUN,1EHVNGS_TR1,01EHVNAG,230,590.1415,590.1415,0,100,
6/16/2026 9:00:00 PM,DAP,6/16/2026 11:00:00 PM,CONTINGENCY,SCHED_RUN,1EHVNGS_TR1,01EHVNAG,230,590.7424,590.7424,0,100,
6/16/2026 9:00:00 PM,DAP,6/17/2026 1:00:00 AM,BASE CASE,SCHED_RUN,5DAAN_4TAB2,05DAANBN,230,230.5615,230.5615,0,100,
6/16/2026 9:00:00 PM,DAP,6/17/2026 3:00:00 AM,BASE CASE,SCHED_RUN,5DAAN_4TAB1,04TABANG,230,191.6786,191.6786,0,100,
6/16/2026 9:00:00 PM,DAP,6/17/2026 3:00:00 AM,BASE CASE,SCHED_RUN,5DAAN_4TAB2,05DAANBN,230,230.7441,241.4398,10.6957,104.64,
6/16/2026 9:00:00 PM,DAP,6/17/2026 4:00:00 AM,BASE CASE,SCHED_RUN,5DAAN_4TAB2,05DAANBN,230,230.7822,231.7190,0.9368,100.41,
6/16/2026 9:00:00 PM,DAP,6/17/2026 7:00:00 AM,BASE CASE,SCHED_RUN,5DAAN_4TAB2,05DAANBN,230,228.5629,237.6715,9.1086,103.99,
6/16/2026 9:00:00 PM,DAP,6/17/2026 8:00:00 AM,BASE CASE,SCHED_RUN,5DAAN_4TAB1,04TABANG,230,192.9475,192.9475,0,100,
6/16/2026 9:00:00 PM,DAP,6/17/2026 8:00:00 AM,BASE CASE,SCHED_RUN,5DAAN_4TAB2,05DAANBN,230,227.4466,242.8153,15.3687,106.76,
6/16/2026 9:00:00 PM,DAP,6/17/2026 9:00:00 AM,CONTINGENCY,SCHED_RUN,2QUEZ_2ARA1,02QUEZON,230,1199.7692,1199.7692,0,100,
6/16/2026 9:00:00 PM,DAP,6/17/2026 9:00:00 AM,BASE CASE,SCHED_RUN,5DAAN_4TAB1,04TABANG,230,193.6422,193.6422,0,100,
6/16/2026 9:00:00 PM,DAP,6/17/2026 9:00:00 AM,BASE CASE,SCHED_RUN,5DAAN_4TAB2,05DAANBN,230,226.7778,242.2940,15.5162,106.84,
6/16/2026 9:00:00 PM,DAP,6/17/2026 10:00:00 AM,BASE CASE,SCHED_RUN,5DAAN_4TAB1,04TABANG,230,193.8416,193.8416,0,100,
6/16/2026 9:00:00 PM,DAP,6/17/2026 10:00:00 AM,CONTINGENCY,SCHED_RUN,2QUEZ_2ARA1,02QUEZON,230,1199.9849,1199.9849,0,100,
6/16/2026 9:00:00 PM,DAP,6/17/2026 10:00:00 AM,BASE CASE,SCHED_RUN,5DAAN_4TAB2,05DAANBN,230,226.8417,242.2516,15.4099,106.79,
6/16/2026 9:00:00 PM,DAP,6/17/2026 11:00:00 AM,BASE CASE,SCHED_RUN,5DAAN_4TAB2,05DAANBN,230,225.8646,242.4904,16.6258,107.36,
6/16/2026 9:00:00 PM,DAP,6/17/2026 11:00:00 AM,BASE CASE,SCHED_RUN,5DAAN_4TAB1,04TABANG,230,194.3676,194.3676,0,100,
6/16/2026 9:00:00 PM,DAP,6/17/2026 11:00:00 AM,CONTINGENCY,SCHED_RUN,2QUEZ_2ARA1,02QUEZON,230,1199.9973,1199.9973,0,100,
6/16/2026 9:00:00 PM,DAP,6/17/2026 11:00:00 AM,BASE CASE,SCHED_RUN,LEYTE_TO_CEBU,LEYTE_TO,,440,440,0,100,
6/16/2026 9:00:00 PM,DAP,6/17/2026 12:00:00 PM,BASE CASE,SCHED_RUN,5DAAN_4TAB2,05DAANBN,230,226.0244,242.4466,16.4222,107.27,
6/16/2026 9:00:00 PM,DAP,6/17/2026 12:00:00 PM,BASE CASE,SCHED_RUN,5DAAN_4TAB1,04TABANG,230,194.2835,194.2835,0,100,
6/16/2026 9:00:00 PM,DAP,6/17/2026 12:00:00 PM,CONTINGENCY,SCHED_RUN,2QUEZ_2ARA1,02QUEZON,230,1199.9994,1199.9994,0,100,
6/16/2026 9:00:00 PM,DAP,6/17/2026 12:00:00 PM,BASE CASE,SCHED_RUN,LEYTE_TO_CEBU,LEYTE_TO,,440,440,0,100,
6/16/2026 9:00:00 PM,DAP,6/17/2026 1:00:00 PM,CONTINGENCY,SCHED_RUN,2QUEZ_2ARA1,02QUEZON,230,1199.9940,1199.9940,0,100,
6/16/2026 9:00:00 PM,DAP,6/17/2026 1:00:00 PM,BASE CASE,SCHED_RUN,5DAAN_4TAB2,05DAANBN,230,226.8278,242.1964,15.3686,106.78,
6/16/2026 9:00:00 PM,DAP,6/17/2026 7:00:00 PM,CONTINGENCY,SCHED_RUN,1EHVNGS_TR2,01EHVNAG,230,591.1210,591.1210,0,100,
6/16/2026 9:00:00 PM,DAP,6/17/2026 8:00:00 PM,CONTINGENCY,SCHED_RUN,1EHVNGS_TR1,01EHVNAG,230,586.9148,586.9148,0,100,
6/16/2026 9:00:00 PM,DAP,6/17/2026 10:00:00 PM,CONTINGENCY,SCHED_RUN,1EHVNGS_TR1,01EHVNAG,230,590.8650,590.8650,0,100,
6/16/2026 9:00:00 PM,DAP,6/17/2026 11:00:00 PM,BASE CASE,SCHED_RUN,5DAAN_4TAB2,05DAANBN,230,230.3074,230.3074,0,100,
6/16/2026 9:00:00 PM,DAP,6/18/2026,BASE CASE,SCHED_RUN,5DAAN_4TAB2,05DAANBN,230,230.4181,231.3370,0.9189,100.40,
6/16/2026 10:00:00 PM,DAP,6/16/2026 11:00:00 PM,CONTINGENCY,SCHED_RUN,1EHVNGS_TR1,01EHVNAG,230,590.7178,590.7178,0,100,
6/16/2026 10:00:00 PM,DAP,6/17/2026,CONTINGENCY,SCHED_RUN,1EHVNGS_TR2,01EHVNAG,230,591.7638,591.7638,0,100,
6/16/2026 10:00:00 PM,DAP,6/17/2026 1:00:00 AM,BASE CASE,SCHED_RUN,5DAAN_4TAB2,05DAANBN,230,230.3955,230.3955,0,100,
6/16/2026 10:00:00 PM,DAP,6/17/2026 3:00:00 AM,BASE CASE,SCHED_RUN,5DAAN_4TAB1,04TABANG,230,192.0609,192.0609,0,100,
6/16/2026 10:00:00 PM,DAP,6/17/2026 3:00:00 AM,BASE CASE,SCHED_RUN,5DAAN_4TAB2,05DAANBN,230,230.3947,241.4084,11.0137,104.78,
6/16/2026 10:00:00 PM,DAP,6/17/2026 4:00:00 AM,BASE CASE,SCHED_RUN,5DAAN_4TAB1,04TABANG,230,191.8379,191.8379,0,100,
6/16/2026 10:00:00 PM,DAP,6/17/2026 4:00:00 AM,BASE CASE,SCHED_RUN,5DAAN_4TAB2,05DAANBN,230,230.5555,241.3654,10.8099,104.69,
6/16/2026 10:00:00 PM,DAP,6/17/2026 7:00:00 AM,BASE CASE,SCHED_RUN,5DAAN_4TAB2,05DAANBN,230,228.5659,240.4756,11.9097,105.21,
6/16/2026 10:00:00 PM,DAP,6/17/2026 8:00:00 AM,BASE CASE,SCHED_RUN,5DAAN_4TAB1,04TABANG,230,193.3597,193.3597,0,100,
6/16/2026 10:00:00 PM,DAP,6/17/2026 8:00:00 AM,BASE CASE,SCHED_RUN,5DAAN_4TAB2,05DAANBN,230,226.9824,242.1087,15.1263,106.66,
6/16/2026 10:00:00 PM,DAP,6/17/2026 8:00:00 AM,BASE CASE,SCHED_RUN,LEYTE_TO_CEBU,LEYTE_TO,,440,440,0,100,
6/16/2026 10:00:00 PM,DAP,6/17/2026 9:00:00 AM,CONTINGENCY,SCHED_RUN,2QUEZ_2ARA1,02QUEZON,230,1199.7705,1199.7705,0,100,
6/16/2026 10:00:00 PM,DAP,6/17/2026 9:00:00 AM,BASE CASE,SCHED_RUN,5DAAN_4TAB1,04TABANG,230,193.7790,193.7790,0,100,
6/16/2026 10:00:00 PM,DAP,6/17/2026 9:00:00 AM,BASE CASE,SCHED_RUN,5DAAN_4TAB2,05DAANBN,230,226.5915,242.3012,15.7097,106.93,
6/16/2026 10:00:00 PM,DAP,6/17/2026 10:00:00 AM,BASE CASE,SCHED_RUN,5DAAN_4TAB2,05DAANBN,230,226.6669,242.3201,15.6532,106.91,
6/16/2026 10:00:00 PM,DAP,6/17/2026 10:00:00 AM,CONTINGENCY,SCHED_RUN,2QUEZ_2ARA1,02QUEZON,230,1199.9856,1199.9856,0,100,
6/16/2026 10:00:00 PM,DAP,6/17/2026 10:00:00 AM,BASE CASE,SCHED_RUN,5DAAN_4TAB1,04TABANG,230,193.9630,193.9630,0,100,
6/16/2026 10:00:00 PM,DAP,6/17/2026 11:00:00 AM,BASE CASE,SCHED_RUN,5DAAN_4TAB2,05DAANBN,230,225.6776,242.4838,16.8062,107.45,
6/16/2026 10:00:00 PM,DAP,6/17/2026 11:00:00 AM,CONTINGENCY,SCHED_RUN,2QUEZ_2ARA1,02QUEZON,230,1199.9985,1199.9985,0,100,
6/16/2026 10:00:00 PM,DAP,6/17/2026 11:00:00 AM,BASE CASE,SCHED_RUN,LEYTE_TO_CEBU,LEYTE_TO,,440,440,0,100,
6/16/2026 10:00:00 PM,DAP,6/17/2026 12:00:00 PM,BASE CASE,SCHED_RUN,LEYTE_TO_CEBU,LEYTE_TO,,440,440,0,100,
6/16/2026 10:00:00 PM,DAP,6/17/2026 12:00:00 PM,CONTINGENCY,SCHED_RUN,2QUEZ_2ARA1,02QUEZON,230,1199.9994,1199.9994,0,100,
6/16/2026 10:00:00 PM,DAP,6/17/2026 12:00:00 PM,BASE CASE,SCHED_RUN,5DAAN_4TAB1,04TABANG,230,194.4048,194.4048,0,100,
6/16/2026 10:00:00 PM,DAP,6/17/2026 12:00:00 PM,BASE CASE,SCHED_RUN,5DAAN_4TAB2,05DAANBN,230,225.8431,242.4851,16.6420,107.37,
6/16/2026 10:00:00 PM,DAP,6/17/2026 1:00:00 PM,CONTINGENCY,SCHED_RUN,2QUEZ_2ARA1,02QUEZON,230,1199.9943,1199.9943,0,100,
6/16/2026 10:00:00 PM,DAP,6/17/2026 1:00:00 PM,BASE CASE,SCHED_RUN,5DAAN_4TAB2,05DAANBN,230,226.6531,242.1182,15.4651,106.82,
6/16/2026 10:00:00 PM,DAP,6/17/2026 3:00:00 PM,CONTINGENCY,SCHED_RUN,2QUEZ_2ARA1,02QUEZON,230,1199.9994,1199.9994,0,100,
6/16/2026 10:00:00 PM,DAP,6/17/2026 11:00:00 PM,BASE CASE,SCHED_RUN,5DAAN_4TAB2,05DAANBN,230,230.1482,230.1482,0,100,
6/16/2026 10:00:00 PM,DAP,6/18/2026,BASE CASE,SCHED_RUN,5DAAN_4TAB2,05DAANBN,230,230.2847,231.2611,0.9764,100.42,
6/16/2026 11:00:00 PM,DAP,6/17/2026,CONTINGENCY,SCHED_RUN,1EHVNGS_TR2,01EHVNAG,230,591.5936,591.5936,0,100,
6/16/2026 11:00:00 PM,DAP,6/17/2026 1:00:00 AM,CONTINGENCY,SCHED_RUN,1EHVNGS_TR2,01EHVNAG,230,590.2428,590.2428,0,100,
6/16/2026 11:00:00 PM,DAP,6/17/2026 3:00:00 AM,BASE CASE,SCHED_RUN,5DAAN_4TAB1,04TABANG,230,192.0486,192.0486,0,100,
6/16/2026 11:00:00 PM,DAP,6/17/2026 3:00:00 AM,BASE CASE,SCHED_RUN,5DAAN_4TAB2,05DAANBN,230,230.4205,241.4602,11.0397,104.79,
6/16/2026 11:00:00 PM,DAP,6/17/2026 4:00:00 AM,BASE CASE,SCHED_RUN,5DAAN_4TAB1,04TABANG,230,191.8790,191.8790,0,100,
6/16/2026 11:00:00 PM,DAP,6/17/2026 4:00:00 AM,BASE CASE,SCHED_RUN,5DAAN_4TAB2,05DAANBN,230,230.5276,241.3074,10.7798,104.68,
6/16/2026 11:00:00 PM,DAP,6/17/2026 7:00:00 AM,BASE CASE,SCHED_RUN,5DAAN_4TAB1,04TABANG,230,193.2127,193.2127,0,100,
6/16/2026 11:00:00 PM,DAP,6/17/2026 7:00:00 AM,BASE CASE,SCHED_RUN,5DAAN_4TAB2,05DAANBN,230,227.8991,239.2666,11.3675,104.99,
6/16/2026 11:00:00 PM,DAP,6/17/2026 8:00:00 AM,BASE CASE,SCHED_RUN,5DAAN_4TAB1,04TABANG,230,193.4794,193.4794,0,100,
6/16/2026 11:00:00 PM,DAP,6/17/2026 8:00:00 AM,BASE CASE,SCHED_RUN,5DAAN_4TAB2,05DAANBN,230,226.7855,242.0654,15.2799,106.74,
6/16/2026 11:00:00 PM,DAP,6/17/2026 8:00:00 AM,BASE CASE,SCHED_RUN,LEYTE_TO_CEBU,LEYTE_TO,,440,440,0,100,
6/16/2026 11:00:00 PM,DAP,6/17/2026 9:00:00 AM,CONTINGENCY,SCHED_RUN,2QUEZ_2ARA1,02QUEZON,230,1199.7656,1199.7656,0,100,
6/16/2026 11:00:00 PM,DAP,6/17/2026 9:00:00 AM,BASE CASE,SCHED_RUN,5DAAN_4TAB1,04TABANG,230,193.8101,193.8101,0,100,
6/16/2026 11:00:00 PM,DAP,6/17/2026 9:00:00 AM,BASE CASE,SCHED_RUN,5DAAN_4TAB2,05DAANBN,230,226.5461,242.2253,15.6792,106.92,
6/16/2026 11:00:00 PM,DAP,6/17/2026 10:00:00 AM,CONTINGENCY,SCHED_RUN,2QUEZ_2ARA1,02QUEZON,230,1199.9838,1199.9838,0,100,
6/16/2026 11:00:00 PM,DAP,6/17/2026 10:00:00 AM,BASE CASE,SCHED_RUN,5DAAN_4TAB2,05DAANBN,230,226.6835,242.3240,15.6405,106.90,
6/16/2026 11:00:00 PM,DAP,6/17/2026 10:00:00 AM,BASE CASE,SCHED_RUN,5DAAN_4TAB1,04TABANG,230,193.9513,193.9513,0,100,
6/16/2026 11:00:00 PM,DAP,6/17/2026 11:00:00 AM,BASE CASE,SCHED_RUN,5DAAN_4TAB2,05DAANBN,230,225.7143,242.4914,16.7771,107.43,
6/16/2026 11:00:00 PM,DAP,6/17/2026 11:00:00 AM,CONTINGENCY,SCHED_RUN,2QUEZ_2ARA1,02QUEZON,230,1199.9989,1199.9989,0,100,
6/16/2026 11:00:00 PM,DAP,6/17/2026 11:00:00 AM,BASE CASE,SCHED_RUN,LEYTE_TO_CEBU,LEYTE_TO,,440,440,0,100,
6/16/2026 11:00:00 PM,DAP,6/17/2026 12:00:00 PM,BASE CASE,SCHED_RUN,5DAAN_4TAB1,04TABANG,230,194.3690,194.3690,0,100,
6/16/2026 11:00:00 PM,DAP,6/17/2026 12:00:00 PM,CONTINGENCY,SCHED_RUN,2QUEZ_2ARA1,02QUEZON,230,1199.9994,1199.9994,0,100,
6/16/2026 11:00:00 PM,DAP,6/17/2026 12:00:00 PM,BASE CASE,SCHED_RUN,5DAAN_4TAB2,05DAANBN,230,225.9128,242.5042,16.5914,107.34,
6/16/2026 11:00:00 PM,DAP,6/17/2026 12:00:00 PM,BASE CASE,SCHED_RUN,LEYTE_TO_CEBU,LEYTE_TO,,440,440,0,100,
6/16/2026 11:00:00 PM,DAP,6/17/2026 1:00:00 PM,CONTINGENCY,SCHED_RUN,2QUEZ_2ARA1,02QUEZON,230,1199.9935,1199.9935,0,100,
6/16/2026 11:00:00 PM,DAP,6/17/2026 1:00:00 PM,BASE CASE,SCHED_RUN,5DAAN_4TAB2,05DAANBN,230,226.6512,242.1499,15.4987,106.84,
6/16/2026 11:00:00 PM,DAP,6/17/2026 3:00:00 PM,CONTINGENCY,SCHED_RUN,2QUEZ_2ARA1,02QUEZON,230,1199.9994,1199.9994,0,100,
6/16/2026 11:00:00 PM,DAP,6/17/2026 11:00:00 PM,BASE CASE,SCHED_RUN,5DAAN_4TAB2,05DAANBN,230,230.1497,230.1497,0,100,
6/16/2026 11:00:00 PM,DAP,6/18/2026,BASE CASE,SCHED_RUN,5DAAN_4TAB2,05DAANBN,230,230.2905,230.8362,0.5457,100.24,
EOF
